{"accuracy": 0.40852130325814534, "false_report_rate": 0.43492586490939045, "duration": 0.36410069465637207}